Time,Temperature,Humidity
0,21.13,42.535
1,20.74,41.481
2,20.71,45.41
5,21.12,43.79
9,20.73,45.41
14,20.74,41.441
19,21.14,42.535
26,21.11,43.79
34,20.74,41.441
42,20.71,45.41
51,21.14,42.575
62,21.12,43.79
75,21.14,42.575
88,20.74,41.441
101,20.72,45.41
116,21.12,43.79
132,21.14,42.575
149,20.72,45.41
166,20.74,41.441
185,21.12,43.79
206,20.74,41.481
227,20.72,45.41
248,21.13,42.575
271,21.12,43.79
296,21.14,42.575
321,20.71,45.41
346,20.73,41.441
374,21.12,43.79
403,20.72,45.41
432,21.14,42.535
461,20.74,41.441
492,21.12,43.79
525,20.72,45.41
558,20.74,41.441
591,21.13,42.575
626,21.12,43.79
663,20.72,45.41
700,20.74,41.441
737,21.14,42.615
777,21.12,43.749
817,20.74,41.441
858,20.72,45.41
899,21.13,42.575
942,21.11,43.749
987,21.13,42.575
1032,20.72,45.41
1077,20.74,41.441
1124,21.12,43.79
1172,21.13,42.575
1221,20.74,41.441
1270,20.72,45.41
1321,21.11,43.749
1373,20.71,45.41
1426,20.74,41.441
1479,21.12,42.575
1534,21.11,43.709
1591,20.72,45.41
1648,20.74,41.441
1705,21.13,42.575
1764,21.11,43.709
1825,20.74,41.441
1886,20.72,45.41
1947,21.13,42.535
2010,21.12,43.709
2074,20.72,45.41
2138,21.13,42.494
2202,20.74,41.441
2270,21.11,43.709
2338,20.72,45.41
2407,21.14,42.494
2476,20.74,41.401
2547,21.12,43.749
2619,20.71,45.41
2691,20.73,41.401
2764,21.14,42.494
2839,21.11,43.709
2915,21.14,42.453
2992,20.72,45.41
3069,20.75,41.401
3148,21.12,43.749
3229,20.74,41.401
3310,20.7,45.41
3391,21.14,42.494
3475,21.12,43.709
3560,20.71,45.41
3645,20.74,41.441
3731,21.14,42.453
3818,21.12,43.709
3906,21.13,42.413
3995,20.71,45.41
4084,20.74,41.36
4176,21.11,43.709
4269,21.14,42.413
4362,20.74,41.36
4455,20.71,45.41
4550,21.11,43.709
4646,20.74,41.36
4743,21.14,42.453
4841,20.72,45.41
4940,21.12,43.709
5040,21.14,42.494
5141,20.72,45.41
5242,20.74,41.36
5345,21.12,43.709
5449,20.72,45.41
5554,21.14,42.535
5659,20.74,41.36
5766,21.12,43.709
5874,20.74,41.401
5983,21.14,42.494
6092,20.72,45.41
6203,21.12,43.709
6316,21.14,42.494
6429,20.73,41.36
6542,20.71,45.41
6657,21.12,43.709
6774,20.71,45.41
6891,21.14,42.494
7008,20.74,41.36
7127,21.12,43.709
7248,21.14,42.494
7369,20.74,41.36
7490,20.7,45.41
7614,21.12,43.709
7738,21.13,42.535
7863,20.73,41.441
7988,20.72,45.41
8115,21.12,43.709
8243,20.7,45.37
8372,21.14,42.535
8501,20.74,41.441
8632,21.12,43.709
8765,21.14,42.494
8898,20.72,45.37
9031,20.73,41.441
9166,21.12,43.709
9302,21.14,42.494
9438,20.72,45.37
9575,20.74,41.441
9715,21.11,43.709
9856,21.14,42.413
9997,20.71,45.37
10138,20.74,41.401
10281,21.1,43.709
10426,20.71,45.37
10571,21.14,42.413
10716,20.74,41.36
10864,21.1,43.709
11013,20.7,45.37
11162,21.14,42.494
11311,20.74,41.401
11462,21.12,43.709
11614,21.14,42.453
11766,20.72,45.37
11919,20.74,41.441
12074,21.1,43.709
12230,20.74,41.401
12387,21.14,42.453
12544,20.71,45.37
12703,21.11,43.669
12863,20.71,45.37
13023,21.14,42.494
13184,20.72,41.441
13347,21.11,43.669
13512,20.74,41.441
13677,21.14,42.494
13842,20.72,45.37
14009,21.11,43.669
14178,21.14,42.453
14347,20.71,45.37
14516,20.72,41.441
14688,21.12,43.709
14860,21.14,42.453
15033,20.7,45.37
15206,20.72,41.441
15381,21.12,43.709
15558,20.73,41.441
15735,20.71,45.37
15912,21.14,42.453
16091,21.12,43.669
16272,20.72,45.329
16453,20.73,41.481
16634,21.14,42.413
16817,21.11,43.669
17002,20.74,41.441
17187,20.7,45.329
17373,21.14,42.413
17561,21.12,43.669
17749,20.74,41.441
17938,21.14,42.453
18127,20.71,45.37
18318,21.12,43.669
18510,20.72,45.329
18703,20.74,41.441
18896,21.14,42.494
19092,21.11,43.628
19288,21.14,42.494
19485,20.72,45.329
19682,20.74,41.441
19881,21.1,43.669
20082,20.74,41.401
20283,21.15,42.494
20484,20.7,45.329
20687,21.12,43.628
20891,20.73,41.36
21095,20.72,45.329
21300,21.14,42.494
21507,21.1,43.628
21716,20.74,41.36
21925,21.14,42.413
22134,20.72,45.329
22345,21.12,43.628
22557,20.74,41.441
22770,20.71,45.329
22983,21.14,42.413
23198,21.11,43.628
23415,21.14,42.413
23632,20.73,41.36
23849,20.7,45.329
24068,21.12,43.628
24289,20.74,41.441
24510,21.14,42.453
24732,20.7,45.329
24955,21.11,43.628
25180,20.7,45.329
25405,21.14,42.413
25630,20.74,41.401
25858,21.11,43.628
26087,20.74,41.36
26316,20.7,45.329
26545,21.15,42.453
26776,21.11,43.628
27009,21.14,42.494
27242,20.74,41.36
27475,20.71,45.329
27710,21.12,43.628
27947,21.14,42.494
28184,20.73,41.36
28421,20.71,45.329
28660,21.11,43.628
28900,20.72,45.329
29141,21.13,42.453
29382,20.73,41.36
29625,21.11,43.628
29870,20.7,45.288
30115,21.14,42.494
30360,20.74,41.36
30607,21.12,43.628
30856,21.14,42.494
31105,20.74,41.36
31354,20.72,45.288
31605,21.12,43.628
31858,21.14,42.453
32111,20.74,41.36
32364,20.71,45.329
32620,21.11,43.628
32877,20.72,45.329
33134,20.73,41.36
33391,21.14,42.453
33650,21.12,43.628
33911,20.74,41.36
34172,21.14,42.494
34433,20.72,45.329
34696,21.11,43.628
34960,20.72,45.329
35225,20.74,41.401
35490,21.15,42.413
35757,21.12,43.628
36026,21.14,42.413
36295,20.7,45.329
36564,20.74,41.36
36836,21.12,43.628
37109,21.14,42.413
37382,20.73,41.319
37655,20.71,45.329
37930,21.12,43.628
38207,21.15,42.453
38484,20.7,45.329
38761,20.74,41.36
39041,21.1,43.628
39321,20.74,41.36
39602,21.14,42.494
39883,20.72,45.329
40166,21.1,43.628
40451,21.14,42.494
40736,20.74,41.36
41021,20.71,45.329
41308,21.12,43.628
41597,20.73,41.36
41886,20.7,45.329
42175,21.14,42.453
42467,21.11,43.628
42759,21.14,42.413
43052,20.71,45.288
43345,20.73,41.36
43640,21.12,43.628
43937,21.14,42.413
44234,20.7,45.329
44531,20.74,41.36
44830,21.11,43.628
45130,20.71,45.288
45431,20.74,41.36
45732,21.14,42.413
46035,21.11,43.628
46339,21.15,42.413
46644,20.74,41.36
46949,20.71,45.288
47256,21.1,43.628
47564,20.72,45.288
47872,21.14,42.413
48181,20.73,41.36
48492,21.12,43.628
48805,20.74,41.36
49118,21.15,42.373
49431,20.71,45.288
49746,21.12,43.628
50062,21.13,42.413
50379,20.74,41.441
50696,20.72,45.288
51016,21.11,43.587
51337,21.15,42.373
51658,20.71,45.288
51979,20.73,41.36
52303,21.1,43.628
52628,20.71,45.288
52953,21.14,42.413
53279,20.74,41.36
53606,21.1,43.628
53935,20.74,41.36
54264,20.7,45.288
54594,21.15,42.413
54925,21.12,43.628
55258,21.14,42.413
55591,20.72,41.36
55924,20.71,45.248
56259,21.11,43.628
56595,20.73,41.36
56931,20.71,45.248
57268,21.15,42.453
57608,21.1,43.628
57948,21.15,42.453
58289,20.73,41.319
58630,20.71,45.248
58973,21.12,43.628
59318,21.14,42.413
59663,20.71,45.248
60008,20.74,41.319
60355,21.11,43.628
60703,21.14,42.413
61052,20.73,41.279
61401,20.71,45.248
61753,21.12,43.587
62105,20.74,41.319
62458,20.7,45.248
62811,21.14,42.332
63166,21.11,43.587
63522,20.7,45.248
63879,21.15,42.332
64236,20.74,41.319
64595,21.11,43.587
64956,20.74,41.36
65317,21.14,42.413
65678,20.71,45.248
66041,21.11,43.587
66405,21.14,42.413
66769,20.74,41.36
67133,20.71,45.248
67500,21.11,43.587
67868,20.74,41.36
68237,20.72,45.248
68606,21.14,42.413
68977,21.12,43.587
69350,21.14,42.453
69723,20.73,41.36
70096,20.72,45.248
70471,21.12,43.587
70847,20.73,41.36
71224,21.14,42.453
71601,20.71,45.248
71981,21.11,43.628
72362,21.14,42.453
72743,20.73,41.36
73124,20.72,45.248
73507,21.12,43.587
73891,20.74,41.36
74275,21.14,42.494
74660,20.72,45.248
75047,21.11,43.587
75436,21.14,42.494
75825,20.72,45.248
76214,20.72,41.36
76605,21.11,43.547
76997,21.14,42.413
77390,20.73,41.36
77784,20.71,45.248
78179,21.11,43.547
78575,20.74,41.36
78971,21.15,42.373
79368,20.72,45.248
79767,21.1,43.547
80168,20.72,45.248
80569,21.14,42.332
80970,20.74,41.36
81373,21.11,43.547
81777,20.72,45.248
82182,21.14,42.373
82587,20.74,41.36
82994,21.12,43.547
83402,21.15,42.373
83810,20.74,41.36
84219,20.72,45.248
84630,21.11,43.547
85042,21.14,42.332
85455,20.72,45.248
85868,20.74,41.401
86283,21.12,43.547
86699,21.14,42.413
87116,20.74,41.36
87533,20.72,45.248
87952,21.12,43.547
88372,20.74,41.36
88793,21.14,42.332
89214,20.73,45.248
89638,21.11,43.547
90062,20.72,45.248
90487,21.14,42.332
90912,20.74,41.36
91339,21.12,43.547
91767,20.72,45.248
92196,20.74,41.36
92625,21.14,42.332
93056,21.12,43.547
93489,20.73,45.248
93922,21.14,42.332
94355,20.74,41.319
94790,21.12,43.547
95227,20.72,45.248
95664,20.75,41.36
96101,21.14,42.332
96540,21.11,43.547
96981,20.72,45.248
97422,20.74,41.36
97863,21.14,42.413
98306,21.11,43.547
98751,20.72,45.248
99196,21.14,42.413
99641,20.74,41.319
100088,21.12,43.547
100536,21.15,42.413
100985,20.72,45.248
101434,20.74,41.319
101885,21.12,43.547
102337,21.14,42.413
102790,20.74,41.36
103243,20.71,45.248
103698,21.11,43.547
104155,20.74,41.36
104612,20.72,45.248
105070,21.13,42.413
105529,21.1,43.547
105989,20.72,45.248
106450,20.75,41.36
106912,21.14,42.332
107375,21.12,43.547
107839,21.14,42.332
108304,20.74,41.36
108769,20.72,45.248
109236,21.1,43.547
109705,21.14,42.332
110174,20.74,41.319
110643,20.71,45.248
111114,21.11,43.547
111587,21.14,42.332
112060,20.73,41.319
112533,20.72,45.248
113008,21.11,43.547
113484,20.72,45.248
113961,20.74,41.36
114438,21.14,42.332
114918,21.12,43.547
115399,20.74,41.319
115880,21.15,42.332
116361,20.72,45.248
116844,21.12,43.547
117328,21.14,42.291
117812,20.72,45.248
118297,20.74,41.279
118784,21.11,43.547
119272,21.15,42.332
119760,20.71,45.248
120249,20.74,41.319
120740,21.11,43.547
121232,20.74,41.319
121725,21.14,42.373
122218,20.72,45.248
122713,21.11,43.547
123210,21.14,42.413
123707,20.72,45.208
124204,20.72,41.319
124703,21.12,43.547
125203,21.14,42.413
125703,20.73,41.36
126204,20.72,45.248
126707,21.12,43.547
127212,20.74,41.36
127717,21.14,42.413
128222,20.72,45.248
128729,21.11,43.507
129238,20.72,45.208
129747,20.74,41.279
130256,21.14,42.413
130767,21.11,43.547
131279,20.71,45.208
131792,21.14,42.413
132305,20.74,41.279
132820,21.11,43.507
133337,20.73,41.319
133854,20.72,45.167
134371,21.13,42.413
134890,21.11,43.507
135410,20.73,41.319
135931,21.16,42.413
136452,20.72,45.208
136975,21.11,43.547
137500,20.74,41.36
138025,20.72,45.208
138550,21.14,42.413
139077,21.1,43.507
139605,20.72,45.208
140134,21.14,42.413
140663,20.74,41.279
141194,21.1,43.507
141726,20.73,41.279
142259,21.14,42.413
142792,20.72,45.208
143327,21.11,43.507
143863,20.72,45.208
144400,20.73,41.319
144937,21.14,42.413
145476,21.11,43.547
146016,20.72,45.208
146556,20.73,41.319
147097,21.14,42.413
147640,21.11,43.507
148184,21.14,42.413
148729,20.72,45.208
149274,20.73,41.319
149822,21.11,43.507
150371,21.13,42.413
150920,20.71,45.208
151469,20.73,41.319
152021,21.1,43.507
152574,20.72,45.208
153127,21.14,42.373
153680,20.74,41.36
154235,21.1,43.507
154791,21.14,42.373
155348,20.72,45.167
155906,20.74,41.279
156465,21.11,43.547
157025,21.14,42.413
157586,20.71,45.208
158149,21.11,43.507
158713,20.72,45.208
159278,21.14,42.373
159843,20.74,41.279
160408,20.74,41.319
160975,21.1,43.547
161544,20.71,45.208
162113,21.14,42.413
162682,20.73,41.36
163253,21.11,43.507
163826,20.72,45.208
164399,20.74,41.36
164972,21.15,42.413
165547,21.11,43.507
166124,20.74,41.36
166701,21.14,42.413
167278,20.72,45.208
167858,21.1,43.507
168439,20.72,45.208
169020,21.14,42.413
169601,20.74,41.279
170184,21.11,43.507
170768,21.14,42.413
171352,20.74,41.279
171937,20.72,45.208
172525,21.11,43.507
173113,21.14,42.373
173702,20.71,45.208
174291,20.74,41.279
174882,21.11,43.507
175474,21.14,42.373
176066,20.72,45.208
176659,20.74,41.319
177255,21.1,43.507
177851,20.72,45.208
178448,21.14,42.373
179045,20.74,41.279
179644,21.11,43.507
180245,20.72,45.208
180846,21.14,42.373
181448,20.74,41.319
182051,21.11,43.466
182656,21.14,42.332
183261,20.71,45.208
183866,20.74,41.319
184473,21.1,43.466
185081,20.74,41.319
185690,21.14,42.332
186299,20.71,45.208
186911,21.1,43.507
187523,21.13,42.332
188136,20.74,41.279
188749,20.71,45.208
189364,21.1,43.507
189981,20.72,45.167
190598,21.14,42.332
191215,20.74,41.279
191834,21.11,43.507
192455,20.74,41.279
193076,21.14,42.332
193697,20.72,45.208
194320,21.1,43.507
194944,20.72,45.208
195569,20.74,41.279
196194,21.14,42.332
196821,21.1,43.507
197449,20.72,45.208
198077,20.74,41.319
198706,21.14,42.373
199337,21.1,43.507
199969,20.73,45.208
200602,21.14,42.413
201235,20.74,41.36
201870,21.1,43.507
202506,20.75,41.36
203143,21.14,42.373
203780,20.71,45.208
204419,21.1,43.507
205060,20.7,45.208
205701,20.74,41.319
206342,21.14,42.332
206985,21.1,43.466
207629,20.72,45.208
208274,20.74,41.279
208919,21.14,42.291
209566,21.1,43.466
210214,21.14,42.332
210863,20.74,41.239
211512,20.71,45.208
212163,21.09,43.466
212815,20.72,45.208
213468,21.14,42.413
214121,20.76,41.279
214776,21.1,43.466
215432,20.72,45.208
216089,21.13,42.413
216746,20.75,41.279
217405,21.11,43.466
218066,20.72,45.167
218727,21.14,42.413
219388,20.75,41.279
220051,21.11,43.466
220716,21.14,42.413
221381,20.71,45.208
222046,20.75,41.279
222713,21.1,43.466
223382,20.74,41.279
224051,21.13,42.373
224720,20.71,45.208
225391,21.1,43.466
226064,21.14,42.373
226737,20.75,41.279
227411,20.72,45.208
228086,21.1,43.466
228762,21.14,42.291
229438,20.74,41.279
230114,20.71,45.167
230793,21.11,43.466
231473,21.14,42.332
232154,20.75,41.279
232835,20.71,45.208
233518,21.1,43.466
234202,21.14,42.332
234887,20.72,45.167
235572,20.74,41.279
236259,21.1,43.466
236947,20.72,45.167
237636,21.14,42.332
238327,21.1,43.466
239019,20.76,41.279
239711,21.14,42.332
240404,20.75,41.279
241097,20.71,45.167
241792,21.1,43.466
242489,20.73,45.167
243186,20.75,41.279
243883,21.14,42.332
244583,21.1,43.466
245283,20.72,45.167
245983,21.14,42.332
246684,20.75,41.279
247388,21.1,43.466
248093,20.72,45.167
248798,20.75,41.279
249504,21.14,42.332
250211,21.1,43.466
250919,20.72,45.167
251627,21.14,42.332
252336,20.75,41.239
253048,21.1,43.466
253760,21.15,42.332
254472,20.73,45.167
255185,20.76,41.239
255900,21.1,43.466
256617,20.72,45.167
257334,20.76,41.279
258051,21.14,42.291
258770,21.1,43.466
259490,21.14,42.291
260211,20.74,41.239
260932,20.73,45.167
261655,21.1,43.466
262379,21.14,42.332
263104,20.73,45.167
263829,20.76,41.239
264557,21.1,43.466
265285,20.73,45.167
266014,20.75,41.239
266743,21.14,42.332
267474,21.1,43.466
268207,20.75,41.239
268940,20.71,45.167
269674,21.15,42.291
270410,21.1,43.466
271146,20.75,41.239
271883,20.71,45.167
272620,21.15,42.291
273359,21.1,43.466
274099,20.74,41.279
274840,21.15,42.251
275581,20.72,45.167
276324,21.1,43.466
277068,20.72,45.167
277813,20.75,41.279
278558,21.14,42.251
279305,21.1,43.466
280054,20.73,45.167
280803,20.74,41.279
281552,21.15,42.332
282304,21.1,43.466
283057,20.72,45.167
283810,20.75,41.239
284563,21.14,42.332
285319,21.1,43.466
286075,20.72,45.167
286831,21.15,42.332
287587,20.76,41.279
288347,21.1,43.466
289107,20.72,45.167
289868,20.76,41.279
290629,21.14,42.373
291392,21.11,43.466
292156,20.72,45.167
292921,20.76,41.279
293686,21.14,42.373
294453,21.1,43.466
295222,20.75,41.279
295991,20.72,45.167
296760,21.15,42.413
297531,21.1,43.466
298304,20.72,45.167
299077,21.14,42.373
299850,20.75,41.239
300625,21.1,43.466
301402,21.14,42.332
302179,20.71,45.167
302956,20.74,41.279
303736,21.1,43.466
304516,21.14,42.332
305297,20.76,41.279
306078,20.71,45.167
306861,21.1,43.466
307645,20.72,45.167
308430,21.15,42.332
309215,20.75,41.239
310002,21.11,43.466
310790,20.76,41.239
311578,21.15,42.291
312367,20.72,45.167
313159,21.1,43.466
313951,20.72,45.167
314744,20.76,41.239
315537,21.15,42.332
316332,21.1,43.466
317128,20.72,45.167
317925,21.14,42.332
318722,20.75,41.239
319521,21.1,43.466
320321,21.15,42.332
321122,20.71,45.167
321923,20.76,41.198
322726,21.1,43.466
323530,20.72,45.167
324334,20.75,41.198
325139,21.15,42.291
325946,21.09,43.466
326754,21.15,42.332
327562,20.73,45.167
328371,20.75,41.239
329182,21.1,43.466
329994,20.73,45.167
330806,21.16,42.332
331618,20.75,41.198
332433,21.1,43.466
333250,20.73,45.127
334067,20.76,41.239
334884,21.15,42.332
335703,21.1,43.466
336523,20.72,45.167
337344,21.16,42.332
338165,20.75,41.239
338988,21.1,43.466
339812,21.16,42.332
340637,20.73,45.167
341463,20.74,41.239
342290,21.1,43.466
343118,20.75,41.239
343947,21.14,42.332
344776,20.74,45.167
345607,21.11,43.466
346439,21.16,42.332
347272,20.74,41.239
348106,20.73,45.167
348942,21.11,43.466
349778,20.72,45.167
350615,21.15,42.332
351453,20.75,41.279
352293,21.1,43.466
353133,20.74,41.279
353973,21.16,42.332
354814,20.74,45.167
355657,21.1,43.466
356501,20.74,41.239
357346,20.73,45.127
358191,21.15,42.332
359038,21.11,43.466
359886,21.15,42.332
360734,20.74,41.239
361582,20.74,45.127
362433,21.1,43.426
363286,20.72,45.127
364139,21.15,42.332
364992,20.74,41.279
365847,21.1,43.466
366704,20.72,45.127
367561,21.15,42.332
368418,20.75,41.239
369277,21.11,43.426
370137,21.14,42.291
370998,20.74,45.127
371859,20.75,41.239
372722,21.1,43.466
373586,21.14,42.291
374451,20.73,45.127
375316,20.75,41.279
376183,21.11,43.466
377052,21.14,42.291
377921,20.74,41.279
378791,20.73,45.127
379662,21.1,43.426
380535,21.14,42.291
381408,20.76,41.239
382281,20.73,45.127
383156,21.11,43.466
384032,20.74,45.127
384909,20.74,41.198
385786,21.14,42.291
386665,21.09,43.466
387546,20.73,45.127
388427,21.14,42.332
389308,20.74,41.239
390191,21.1,43.466
391076,21.14,42.332
391961,20.73,45.127
392846,20.74,41.239
393733,21.1,43.426
394622,21.14,42.373
395511,20.76,41.239
396400,20.73,45.127
397291,21.11,43.466
398183,20.74,45.086
399076,21.14,42.373
399969,20.75,41.239
400864,21.11,43.466
401761,21.15,42.332
402658,20.75,41.239
403555,20.74,45.127
404455,21.1,43.466
405356,20.75,41.239
406257,21.14,42.332
407158,20.74,45.127
408061,21.11,43.466
408966,21.14,42.332
409871,20.74,41.239
410777,20.72,45.127
411684,21.11,43.426
412593,20.75,41.239
413502,21.14,42.332
414411,20.74,45.127
415322,21.1,43.466
416234,20.75,41.239
417147,21.14,42.332
418061,20.74,45.127
418977,21.1,43.466
419894,21.14,42.373
420811,20.74,45.086
421728,20.75,41.239
422647,21.1,43.466
423568,21.14,42.413
424489,20.74,45.086
425410,20.76,41.239
426334,21.11,43.466
427258,21.14,42.413
428182,20.74,45.127
429107,20.76,41.239
430034,21.1,43.466
430962,21.14,42.373
431891,20.76,41.239
432820,20.74,45.127
433752,21.1,43.466
434685,20.73,45.086
435618,21.14,42.373
436551,20.75,41.239
437487,21.11,43.466
438423,20.75,41.239
439360,20.74,45.086
440297,21.14,42.373
441236,21.12,43.426
442177,20.76,41.239
443118,21.14,42.373
444059,20.74,45.127
445002,21.11,43.385
445946,20.74,41.239
446891,20.74,45.086
447836,21.14,42.332
448783,21.11,43.426
449731,21.14,42.332
450680,20.74,45.086
451629,20.76,41.239
452580,21.1,43.426
453532,20.75,41.239
454485,21.14,42.373
455438,20.74,45.127
456393,21.1,43.426
457349,21.14,42.332
458306,20.75,41.239
459263,20.74,45.086
460222,21.1,43.426
461183,20.75,41.198
462144,21.13,42.332
463105,20.74,45.086
464068,21.12,43.466
465032,21.13,42.332
465997,20.74,45.086
466962,20.74,41.239
467929,21.1,43.426
468897,20.74,45.086
469866,20.75,41.239
470835,21.14,42.332
471806,21.11,43.426
472778,21.14,42.332
473750,20.74,41.239
474723,20.74,45.086
475698,21.11,43.426
476675,21.13,42.373
477652,20.74,45.086
478629,20.75,41.239
479608,21.11,43.426
480588,21.14,42.332
481569,20.75,41.239
482550,20.73,45.086
483533,21.1,43.426
484517,20.75,41.239
485502,21.13,42.332
486488,20.74,45.086
487475,21.11,43.385
488463,20.75,41.239
489451,21.14,42.332
490440,20.74,45.086
491431,21.1,43.385
492423,20.74,45.086
493415,21.14,42.332
494407,20.75,41.239
495402,21.1,43.385
496398,20.75,41.239
497395,21.13,42.332
498392,20.74,45.086
499392,21.1,43.385
500392,21.14,42.332
501393,20.73,45.086
502394,20.76,41.239
503398,21.1,43.385
504402,21.14,42.332
505407,20.73,45.086
506412,20.76,41.239
507419,21.11,43.385
508427,21.14,42.332
509436,20.75,41.239
510445,20.73,45.086
511457,21.1,43.426
512469,21.13,42.332
513482,20.75,41.239
514495,20.74,45.086
515510,21.11,43.385
516526,21.14,42.332
517543,20.75,41.239
518560,20.73,45.086
519579,21.1,43.426
520600,20.76,41.239
521621,21.14,42.332
522642,20.74,45.086
523665,21.1,43.426
524689,21.14,42.332
525714,20.76,41.239
526739,20.74,45.086
527766,21.11,43.466
528795,20.74,45.086
529824,20.76,41.239
530854,21.14,42.332
531885,21.1,43.385
532917,20.74,45.086
533949,20.76,41.239
534982,21.14,42.332
536017,21.1,43.385
537053,20.75,45.086
538089,20.76,41.239
539126,21.14,42.332
540165,21.1,43.426
541205,20.76,41.239
542246,20.73,45.086
543287,21.14,42.332
544330,21.1,43.385
545375,20.72,45.086
546420,20.76,41.239
547465,21.14,42.332
548512,21.1,43.385
549561,20.76,41.239
550610,20.74,45.086
551659,21.14,42.291
552710,21.11,43.426
553762,20.76,41.239
554815,20.72,45.086
555869,21.15,42.251
556924,21.1,43.385
557981,21.14,42.251
559038,20.76,41.198
560095,20.73,45.086
561154,21.1,43.426
562214,20.73,45.086
563275,21.14,42.251
564336,20.76,41.239
565399,21.1,43.385
566463,21.14,42.291
567527,20.74,45.086
568592,20.76,41.239
569660,21.1,43.385
570728,20.74,45.086
571796,21.14,42.251
572865,20.76,41.198
573936,21.1,43.385
575008,20.72,45.086
576081,21.15,42.291
577154,20.75,41.239
578229,21.1,43.426
579305,20.74,45.086
580382,21.14,42.332
581459,20.76,41.239
582538,21.11,43.385
583618,20.73,45.086
584699,20.75,41.198
585780,21.14,42.332
586863,21.1,43.426
587947,20.76,41.198
589032,20.74,45.086
590117,21.14,42.332
591204,21.11,43.385
592292,20.74,45.086
593381,21.15,42.251
594470,20.76,41.198
595562,21.1,43.385
596654,20.74,45.086
597747,21.14,42.251
598840,20.75,41.239
599935,21.1,43.426
601031,20.73,45.086
602127,21.14,42.251
603223,20.76,41.279
604322,21.12,43.385
605422,20.74,45.086
606522,21.14,42.291
607623,20.77,41.239
608726,21.1,43.426
609831,20.76,41.239
610936,21.14,42.332
612041,20.72,45.086
613149,21.11,43.385
614257,21.15,42.332
615366,20.76,41.198
616475,20.73,45.086
617587,21.1,43.385
618699,21.14,42.332
619811,20.74,45.086
620924,20.76,41.239
622040,21.1,43.385
623156,21.15,42.332
624273,20.75,45.086
625390,20.76,41.239
626509,21.1,43.385
627629,21.15,42.291
628749,20.76,41.239
629870,20.74,45.086
630993,21.11,43.385
632117,21.15,42.251
633242,20.74,45.086
634367,20.76,41.198
635494,21.1,43.385
636622,20.74,45.086
637750,21.15,42.251
638879,20.76,41.198
640010,21.12,43.385
641142,21.15,42.251
642275,20.77,41.198
643408,20.74,45.086
644543,21.1,43.385
645680,21.15,42.251
646817,20.76,41.198
647954,20.74,45.086
649093,21.11,43.385
650233,20.76,41.239
651374,21.15,42.251
652515,20.74,45.086
653659,21.1,43.385
654804,20.73,45.086
655949,20.75,41.239
657094,21.14,42.291
658241,21.1,43.385
659389,21.14,42.251
660538,20.76,41.239
661687,20.73,45.086
662838,21.11,43.385
663990,20.74,45.086
665143,20.76,41.239
666296,21.14,42.251
667451,21.12,43.385
668607,21.15,42.251
669764,20.74,45.086
670921,20.76,41.198
672080,21.11,43.385
673240,20.76,41.239
674401,20.75,45.086
675562,21.14,42.251
676725,21.11,43.385
677890,20.76,41.239
679055,21.14,42.251
680220,20.76,45.086
681388,21.1,43.385
682556,20.74,45.045
683725,21.14,42.291
684894,20.76,41.239
686066,21.1,43.385
687239,20.76,41.239
688412,21.14,42.251
689585,20.74,45.086
690760,21.11,43.385
691936,20.74,45.086
693112,21.15,42.291
694289,20.76,41.239
695468,21.1,43.385
696648,20.75,45.086
697829,21.15,42.332
699010,20.78,41.198
700193,21.11,43.385
701377,20.78,41.239
702562,20.75,45.086
703747,21.13,42.332
704934,21.11,43.385
706122,21.14,42.332
707310,20.74,45.086
708498,20.76,41.239
709689,21.11,43.385
710882,21.14,42.291
712075,20.77,41.239
713269,20.74,45.086
714464,21.12,43.385
715661,21.14,42.291
716858,20.78,41.198
718055,20.74,45.086
719254,21.11,43.385
720455,20.74,45.086
721656,21.15,42.251
722857,20.78,41.198
724060,21.11,43.385
725264,21.15,42.291
726469,20.75,45.086
727674,20.77,41.239
728881,21.11,43.385
730089,21.15,42.291
731297,20.75,45.086
732505,20.76,41.239
733716,21.11,43.385
734929,20.74,45.086
736142,20.76,41.198
737355,21.16,42.291
738570,21.12,43.385
739787,20.75,45.086
741004,20.78,41.198
742221,21.15,42.332
743440,21.11,43.385
744661,21.14,42.332
745882,20.77,41.198
747103,20.74,45.086
748326,21.11,43.385
749550,20.75,45.086
750775,20.77,41.198
752000,21.14,42.332
753227,21.1,43.385
754455,20.77,41.198
755684,20.74,45.045
756913,21.14,42.332
758144,21.11,43.385
759376,20.75,45.086
760609,20.77,41.198
761842,21.14,42.332
763077,21.11,43.385
764313,20.76,45.086
765550,20.76,41.198
766787,21.14,42.332
768026,21.1,43.385
769267,21.15,42.291
770508,20.76,45.086
771749,20.76,41.198
772992,21.1,43.385
774237,20.75,45.045
775482,20.78,41.198
776727,21.14,42.332
777974,21.11,43.385
779222,21.14,42.291
780471,20.76,41.198
781720,20.75,45.045
782972,21.11,43.385
784224,20.77,41.198
785476,20.77,45.045
786729,21.14,42.332
787985,21.12,43.385
789241,20.76,41.198
790498,20.76,45.005
791755,21.14,42.291
793014,21.11,43.385
794274,21.14,42.291
795535,20.76,45.005
796796,20.76,41.198
798059,21.12,43.385
799323,20.77,41.198
800588,20.76,45.045
801853,21.14,42.332
803120,21.12,43.385
804389,21.14,42.332
805658,20.75,41.157
806927,20.76,45.045
808198,21.11,43.385
809470,21.14,42.291
810743,20.76,45.005
812016,20.76,41.198
813291,21.12,43.385
814567,20.76,45.045
815843,20.76,41.198
817120,21.14,42.291
818399,21.1,43.385
819680,21.14,42.332
820961,20.76,45.005
822242,20.77,41.198
823525,21.11,43.385
824810,20.76,41.198
826095,21.14,42.332
827381,20.76,45.045
828668,21.1,43.385
829956,20.77,41.198
831245,21.14,42.332
832534,20.76,45.005
833825,21.12,43.385
835118,20.78,41.198
836411,21.14,42.332
837704,20.76,45.045
838999,21.12,43.385
840295,20.77,41.198
841591,21.14,42.332
842888,20.76,45.005
844187,21.11,43.385
845488,21.13,42.332
846789,20.76,45.045
848090,20.77,41.198
849394,21.11,43.385
850699,20.76,45.005
852004,21.13,42.332
853309,20.77,41.157
854616,21.12,43.385
855925,21.13,42.332
857234,20.77,45.005
858543,20.76,41.157
859855,21.11,43.385
861168,21.14,42.332
862481,20.76,45.005
863794,20.76,41.198
865109,21.11,43.385
866426,20.77,41.157
867743,20.76,45.005
869060,21.14,42.332
870379,21.11,43.385
871699,20.76,45.005
873020,21.13,42.332
874341,20.76,41.198
875664,21.11,43.385
876988,20.77,45.045
878312,21.14,42.291
879637,20.76,41.198
880964,21.12,43.385
882293,20.76,45.045
883622,20.76,41.198
884952,21.14,42.291
886283,21.11,43.385
887615,20.76,45.045
888948,21.14,42.291
890281,20.77,41.198
891616,21.12,43.385
892952,21.14,42.332
894289,20.76,41.198
895626,20.76,45.005
896966,21.1,43.385
898307,20.76,45.005
899648,20.77,41.198
900989,21.13,42.332
902332,21.12,43.385
903676,21.14,42.332
905020,20.76,45.005
906365,20.76,41.198
907712,21.11,43.385
909060,20.76,45.005
910409,20.76,41.198
911758,21.13,42.332
913110,21.11,43.385
914462,21.13,42.332
915815,20.76,41.198
917168,20.76,45.005
918523,21.12,43.385
919879,20.76,45.005
921235,20.76,41.198
922592,21.14,42.332
923951,21.11,43.385
925311,20.75,45.005
926672,20.76,41.157
928033,21.13,42.332
929396,21.1,43.385
930760,20.76,45.005
932124,21.13,42.332
933489,20.76,41.198
934856,21.11,43.385
936225,20.76,41.157
937594,20.75,45.005
938963,21.12,42.332
940335,21.11,43.385
941708,20.76,45.045
943081,20.76,41.198
944454,21.12,42.332
945829,21.11,43.385
947206,21.12,42.332
948583,20.76,45.045
949960,20.76,41.239
951339,21.11,43.385
952720,20.76,41.198
954101,20.74,45.005
955482,21.12,42.332
956865,21.1,43.385
958249,20.75,45.005
959634,20.76,41.198
961019,21.13,42.373
962406,21.11,43.385
963794,20.76,41.198
965183,21.12,42.373
966572,20.74,45.045
967963,21.11,43.385
969356,20.76,41.198
970749,20.76,45.005
972142,21.12,42.373
973537,21.12,43.385
974933,20.77,41.198
976330,20.76,45.005
977727,21.13,42.332
979126,21.11,43.385
980527,20.75,45.005
981928,21.12,42.332
983329,20.76,41.157
984732,21.11,43.385
986136,21.12,42.332
987540,20.76,45.005
988944,20.77,41.198
990351,21.12,43.385
991759,20.76,45.005
993168,20.76,41.198
994577,21.12,42.332
995988,21.12,43.385
997400,21.13,42.332
998812,20.77,41.198
1000225,20.76,45.005
1001640,21.12,43.385
1003056,20.77,41.198
1004473,21.13,42.332
1005891,20.76,45.005
1007310,21.11,43.385
1008730,21.13,42.332
1010151,20.76,41.198
1011572,20.76,45.005
1012995,21.11,43.385
1014420,21.14,42.332
1015845,20.76,41.198
1017270,20.76,45.005
1018697,21.12,43.385
1020126,20.76,45.005
1021555,20.76,41.198
1022986,21.11,43.385
1024417,21.12,42.332
1025849,21.13,42.332
1027282,20.76,45.005
1028715,20.76,41.157
1030150,21.12,43.385
1031586,20.76,45.005
1033022,21.14,42.332
1034459,20.76,41.157
1035898,21.12,43.385
1037339,20.76,45.005
1038780,21.12,42.332
1040222,20.77,41.198
1041665,21.11,43.385
1043109,21.13,42.291
1044554,20.77,41.157
1045999,20.76,45.005
1047446,21.11,43.385
1048894,20.76,45.005
1050343,21.13,42.291
1051792,20.77,41.198
1053243,21.12,43.385
1054696,21.13,42.291
1056149,20.76,45.005
1057602,20.76,41.157
1059057,21.12,43.385
1060514,20.75,45.005
1061971,21.13,42.291
1063428,20.76,41.198
1064887,21.11,43.385
1066347,20.76,45.005
1067807,21.13,42.291
1069268,20.76,41.157
1070731,21.11,43.385
1072196,20.76,41.157
1073661,20.76,45.005
1075126,21.14,42.251
1076593,21.12,43.385
1078062,20.75,45.005
1079531,20.78,41.198
1081001,21.14,42.251
1082473,21.11,43.385
1083946,21.14,42.291
1085419,20.77,41.198
1086892,20.75,45.005
1088367,21.12,43.385
1089843,20.77,41.157
1091319,21.12,42.291
1092796,20.76,45.005
1094275,21.11,43.385
1095755,20.76,45.005
1097236,20.78,41.117
1098717,21.14,42.291
1100200,21.12,43.385
1101684,20.76,45.005
1103169,20.77,41.157
1104654,21.13,42.291
1106141,21.11,43.385
1107629,20.76,45.005
1109118,20.78,41.157
1110607,21.12,42.291
1112098,21.12,43.385
1113591,21.13,42.332
1115084,20.76,45.005
1116577,20.76,41.157
1118072,21.11,43.385
1119569,20.77,41.117
1121066,20.76,45.005
1122563,21.12,42.291
1124062,21.11,43.385
1125562,20.78,41.117
1127063,20.75,44.965
1128565,21.12,42.332
1130068,21.11,43.385
1131573,20.76,41.117
1133078,21.13,42.291
1134583,20.76,45.005
1136090,21.12,43.385
1137598,20.76,45.005
1139106,20.77,41.117
1140615,21.13,42.291
1142126,21.12,43.385
1143638,21.13,42.291
1145151,20.77,41.198
1146664,20.75,45.005
1148180,21.12,43.385
1149697,20.76,45.005
1151214,20.76,41.117
1152732,21.12,42.251
1154251,21.1,43.385
1155771,20.76,45.005
1157292,21.12,42.251
1158813,20.77,41.117
1160336,21.12,43.385
1161860,21.14,42.291
1163385,20.78,41.117
1164910,20.76,45.005
1166437,21.12,43.385
1167965,21.13,42.291
1169494,20.78,41.157
1171023,20.76,44.965
1172554,21.12,43.385
1174086,20.77,41.117
1175619,21.13,42.291
1177152,20.76,45.005
1178687,21.11,43.385
1180223,21.14,42.291
1181760,20.77,41.198
1183297,20.76,44.965
1184836,21.11,43.385
1186377,20.78,41.157
1187919,21.13,42.291
1189462,20.76,44.965
1191006,21.11,43.385
1192550,20.78,41.157
1194095,21.13,42.291
1195640,20.77,44.965
1197188,20.78,41.157
1198738,21.13,42.251
1200288,21.12,43.385
1201838,20.75,44.965
1203389,21.11,43.385
1204942,20.77,41.117
1206495,21.13,42.251
1208048,20.76,45.005
1209604,21.11,43.385
1211160,20.77,41.117
1212717,20.76,45.005
1214274,21.12,42.291
1215834,21.1,43.385
1217395,20.77,45.005
1218956,21.13,42.291
1220517,20.76,41.157
1222080,21.11,43.385
1223645,20.78,41.157
1225210,20.76,45.005
1226775,21.12,42.251
1228342,21.1,43.385
1229910,20.78,41.198
1231479,21.14,42.251
1233048,20.76,45.005
1234619,21.11,43.385
1236191,21.14,42.251
1237764,20.78,41.198
1239337,20.76,44.965
1240912,21.12,43.385
1242489,21.13,42.251
1244066,20.79,41.198
1245643,20.76,45.005
1247222,21.11,43.385
1248802,20.78,41.117
1250382,21.14,42.251
1251963,20.76,45.005
1253546,21.1,43.385
1255130,20.78,41.117
1256714,21.13,42.251
1258299,20.77,45.005
1259886,21.11,43.385
1261474,20.78,41.198
1263063,20.76,44.965
1264652,21.13,42.251
1266243,21.1,43.385
1267835,20.78,41.157
1269428,21.14,42.251
1271021,20.75,45.005
1272616,21.11,43.385
1274213,20.76,45.005
1275810,21.13,42.251
1277407,20.78,41.117
1279006,21.12,43.385
1280606,21.14,42.251
1282207,20.77,45.005
1283808,20.78,41.117
1285411,21.12,43.385
1287016,20.78,41.117
1288621,20.78,45.005
1290226,21.14,42.251
1291833,21.12,43.385
1293442,20.76,44.965
1295051,20.78,41.157
1296661,21.14,42.251
1298272,21.12,43.385
1299885,21.14,42.251
1301498,20.78,41.157
1303111,20.76,45.005
1304726,21.11,43.385
1306343,21.14,42.251
1307960,20.77,41.117
1309577,20.76,44.965
1311196,21.12,43.385
1312816,21.13,42.291
1314437,20.77,41.117
1316058,20.78,44.965
1317682,21.11,43.385
1319307,21.13,42.251
1320932,20.76,45.005
1322557,20.77,41.117
1324184,21.11,43.385
1325812,21.13,42.291
1327441,20.78,41.117
1329070,20.77,44.965
1330701,21.11,43.385
1332333,21.13,42.251
1333965,20.76,44.965
1335598,20.76,41.157
1337233,21.11,43.385
1338870,20.75,44.965
1340507,21.13,42.251
1342144,20.77,41.157
1343783,21.11,43.385
1345423,21.13,42.291
1347064,20.75,44.965
1348705,20.78,41.117
1350348,21.1,43.385
1351993,20.78,41.117
1353638,20.76,44.965
1355284,21.12,42.251
1356931,21.12,43.385
1358579,21.14,42.251
1360228,20.76,44.965
1361877,20.77,41.157
1363528,21.11,43.385
1365180,20.76,44.965
1366833,20.77,41.117
1368486,21.12,42.291
1370141,21.11,43.385
1371797,20.77,41.117
1373454,20.76,44.965
1375111,21.12,42.291
1376770,21.12,43.385
1378430,21.13,42.291
1380090,20.76,44.965
1381751,20.77,41.117
1383414,21.11,43.385
1385079,20.76,45.005
1386744,21.13,42.251
1388409,20.78,41.117
1390076,21.11,43.385
1391744,20.76,44.965
1393413,21.13,42.291
1395082,20.78,41.117
1396753,21.1,43.385
1398425,20.76,44.965
1400098,21.13,42.251
1401771,20.77,41.117
1403447,21.11,43.385
1405124,21.13,42.251
1406801,20.78,41.157
1408478,20.76,44.965
1410157,21.1,43.385
1411837,20.76,44.965
1413517,20.78,41.117
1415198,21.14,42.251
1416881,21.11,43.385
1418565,20.78,41.117
1420250,20.76,44.965
1421935,21.13,42.251
1423622,21.1,43.385
1425310,21.12,42.251
1426999,20.76,44.965
1428688,20.78,41.117
1430379,21.11,43.385
1432071,20.77,41.117
1433764,21.13,42.251
1435457,20.76,44.965
1437152,21.11,43.385
1438849,20.76,41.117
1440546,21.12,42.251
1442243,20.76,44.965
1443942,21.1,43.385
1445643,20.77,44.965
1447344,20.77,41.117
1449046,21.12,42.251
1450749,21.12,43.385
1452454,21.13,42.251
1454159,20.77,44.965
1455864,20.77,41.117
1457572,21.1,43.385
1459281,21.13,42.251
1460990,20.77,41.077
1462699,20.77,44.965
1464410,21.1,43.385
1466122,20.76,44.965
1467835,20.76,41.117
1469548,21.12,42.251
1471263,21.11,43.385
1472979,20.76,44.965
1474696,20.78,41.117
1476413,21.13,42.291
1478132,21.11,43.385
1479853,21.13,42.251
1481574,20.76,44.965
1483295,20.77,41.157
1485018,21.1,43.385
1486743,21.12,42.251
1488468,20.76,44.924
1490193,20.77,41.117
1491920,21.11,43.385
1493648,20.76,41.117
1495376,21.12,42.251
1497105,20.76,44.965
1498837,21.11,43.385
1500569,21.13,42.251
1502302,20.76,44.924
1504035,20.77,41.117
1505770,21.11,43.385
1507506,21.12,42.251
1509243,20.76,44.924
1510980,20.76,41.117
1512719,21.1,43.385
1514460,20.77,41.117
1516201,20.76,44.924
1517942,21.12,42.291
1519686,21.1,43.385
1521431,20.76,41.117
1523176,20.76,44.924
1524921,21.12,42.251
1526668,21.11,43.385
1528417,21.12,42.251
1530166,20.76,41.117
1531915,20.77,44.924
1533666,21.1,43.385
1535418,20.76,44.924
1537171,21.13,42.251
1538924,20.76,41.117
1540679,21.1,43.385
1542435,21.13,42.251
1544192,20.77,44.924
1545949,20.77,41.117
1547708,21.11,43.385
1549469,21.12,42.251
1551230,20.76,44.924
1552991,20.77,41.117
1554754,21.12,43.385
1556518,21.12,42.251
1558283,20.76,41.117
1560048,20.76,44.924
1561815,21.1,43.385
1563584,21.12,42.251
1565353,20.76,41.117
1567122,20.78,44.924
1568893,21.12,43.385
1570665,21.12,42.251
1572438,20.77,44.924
1574211,20.76,41.117
1575987,21.1,43.385
1577764,21.13,42.251
1579541,20.76,41.117
1581318,20.77,44.965
1583097,21.11,43.385
1584877,20.76,44.965
1586658,21.12,42.251
1588439,20.76,41.117
1590223,21.11,43.385
1592007,21.12,42.251
1593792,20.76,41.117
1595577,20.76,44.924
1597364,21.11,43.385
1599152,20.76,44.965
1600941,21.12,42.251
1602730,20.77,41.117
1604521,21.1,43.385
1606313,21.13,42.251
1608105,20.76,44.965
1609898,20.76,41.117
1611693,21.11,43.385
1613489,20.76,41.117
1615286,21.12,42.251
1617084,20.76,44.965
1618884,21.1,43.385
1620684,21.12,42.251
1622485,20.76,44.924
1624286,20.77,41.117
1626089,21.11,43.385
1627894,20.78,41.117
1629699,21.13,42.251
1631504,20.76,44.924
1633311,21.11,43.385
1635119,20.76,44.965
1636928,20.77,41.117
1638737,21.12,42.251
1640548,21.12,43.385
1642360,21.13,42.251
1644173,20.78,41.117
1645987,20.76,44.965
1647802,21.1,43.385
1649618,21.12,42.251
1651435,20.76,44.965
1653252,20.77,41.077
1655071,21.1,43.385
1656892,21.12,42.251
1658713,20.75,44.965
1660534,20.77,41.117
1662357,21.1,43.385
1664181,20.76,44.965
1666006,20.76,41.117
1667831,21.12,42.211
1669659,21.11,43.385
1671487,21.13,42.211
1673316,20.75,44.924
1675148,21.1,43.385
1676980,21.13,42.251
1678812,20.76,44.924
1680645,20.77,41.117
1682478,20.77,41.117
1684313,21.11,43.385
1686149,20.78,41.117
1687986,20.76,44.924
1689823,21.13,42.251
1691662,21.11,43.385
1693503,20.77,41.117
1695344,20.76,44.924
1697185,21.13,42.251
1699028,21.11,43.385
1700873,20.75,44.924
1702718,21.12,42.251
1704563,20.76,41.117
1706410,21.12,43.385
1708258,21.12,42.251
1710107,20.76,44.924
1711956,20.78,41.117
1713807,21.11,43.385
1715660,21.13,42.251
1717513,20.77,41.117
1719366,20.76,44.924
1721221,21.12,43.385
1723077,21.13,42.211
1724934,20.77,41.117
1726791,20.76,44.924
1728650,21.11,43.385
1730510,21.12,42.211
1732371,20.77,44.924
1734232,20.77,41.117
1736096,21.12,43.385
1737961,20.76,44.924
1739826,21.13,42.211
1741691,20.76,41.117
1743558,21.11,43.385
1745427,20.76,44.924
1747296,20.77,41.117
1749165,21.13,42.211
1751036,21.12,43.385
1752908,20.78,41.117
1754780,20.76,44.924
1756653,21.12,42.251
1758528,21.11,43.385
1760404,20.78,41.117
1762281,20.76,44.924
1764158,21.12,42.251
1766037,21.11,43.385
1767917,20.77,44.924
1769797,20.77,41.117
1771678,21.13,42.251
1773561,21.11,43.385
1775445,20.77,41.117
1777329,21.13,42.251
1779214,20.76,44.924
1781101,21.1,43.385
1782989,21.13,42.251
1784878,20.75,44.924
1786767,20.76,41.077
1788658,21.1,43.385
1790550,20.76,44.924
1792443,21.13,42.251
1794336,20.76,41.077
1796232,21.1,43.385
1798128,20.75,44.924
1800024,20.78,41.117
1801921,21.12,42.251
1803820,21.1,43.385
1805721,20.75,44.924
1807622,21.13,42.251
1809523,20.76,41.117
1811426,21.11,43.385
1813330,21.12,42.251
1815235,20.75,44.924
1817140,20.76,41.117
1819047,21.12,43.385
1820955,21.13,42.211
1822864,20.77,41.117
1824773,20.76,44.924
1826684,21.12,43.385
1828596,21.14,42.17
1830509,20.75,44.924
1832422,20.76,41.117
1834337,21.11,43.344
1836254,20.78,41.117
1838171,20.75,44.924
1840088,21.14,42.211
1842007,21.11,43.344
1843927,20.76,44.924
1845848,20.77,41.117
1847769,21.14,42.211
1849692,21.12,43.344
1851617,21.14,42.211
1853542,20.76,44.924
1855467,20.77,41.077
1857394,21.12,43.344
1859323,20.76,44.924
1861252,20.77,41.117
1863181,21.14,42.251
1865112,21.12,43.344
1867044,21.14,42.251
1868977,20.78,41.117
1870910,20.76,44.924
1872845,21.12,43.344
1874781,20.76,44.924
1876717,21.15,42.251
1878654,20.78,41.117
1880593,21.12,43.344
1882534,20.76,44.924
1884475,20.78,41.117
1886417,21.15,42.251
1888361,21.12,43.385
1890305,20.78,41.117
1892249,21.16,42.251
1894194,20.76,44.924
1896141,21.13,43.385
1898090,20.78,41.117
1900039,20.76,44.924
1901988,21.15,42.251
1903939,21.12,43.344
1905891,20.78,41.117
1907844,20.76,45.005
1909797,21.16,42.251
1911752,21.12,43.344
1913708,20.76,45.086
1915664,20.78,41.117
1917621,21.16,42.251
1919580,21.12,43.344
1921540,20.77,45.086
1923501,21.16,42.251
1925462,20.78,41.117
1927425,21.13,43.304
1929390,20.77,45.127
1931355,21.16,42.291
1933320,20.78,41.117
1935287,21.12,43.304
1937255,20.78,45.127
1939224,20.77,41.157
1941193,21.17,42.291
1943164,21.12,43.344
1945137,21.17,42.251
1947110,20.77,41.198
1949083,20.78,45.086
1951059,21.12,43.344
1953035,20.78,41.157
1955011,20.77,45.086
1956988,21.18,42.251
1958967,21.12,43.385
1960948,20.77,41.117
1962929,21.17,42.251
1964910,20.78,45.086
1966893,21.12,43.344
1968877,21.18,42.211
1970862,20.78,45.086
1972847,20.78,41.117
1974834,21.13,43.344
1976823,20.78,41.117
1978812,20.78,45.086
1980801,21.18,42.17
1982792,21.13,43.344
1984785,21.19,42.17
1986778,20.78,41.117
1988772,20.78,45.086
1990767,21.12,43.385
1992763,20.78,45.086
1994760,21.19,42.17
1996757,20.79,41.117
1998757,21.12,43.385
2000757,20.78,45.045
2002757,20.78,41.117
2004758,21.19,42.17
2006761,21.13,43.385
2008765,20.78,41.117
2010770,21.19,42.17
2012775,20.78,45.086
2014782,21.13,43.385
2016791,20.78,41.077
2018800,21.19,42.211
2020809,20.78,45.086
2022820,21.12,43.385
2024833,21.19,42.251
2026846,20.77,45.086
2028859,20.78,41.117
2030874,21.13,43.385
2032890,20.78,41.077
2034906,21.19,42.251
2036922,20.78,45.086
2038941,21.12,43.385
2040962,20.78,41.117
2042983,21.2,42.251
2045004,20.78,45.086
2047027,21.13,43.385
2049051,20.78,45.086
2051076,20.79,41.157
2053101,21.2,42.251
2055128,21.13,43.385
2057156,20.79,41.117
2059185,20.78,45.127
2061214,21.21,42.251
2063245,21.13,43.385
2065278,21.22,42.251
2067311,20.78,41.157
2069344,20.79,45.086
2071379,21.13,43.385
2073416,20.78,45.086
2075453,20.79,41.117
2077490,21.21,42.251
2079529,21.13,43.385
2081570,20.78,41.117
2083611,21.21,42.251
2085652,20.78,45.127
2087695,21.13,43.385
2089739,21.22,42.251
2091784,20.78,41.117
2093829,20.78,45.167
2095876,21.13,43.385
2097924,20.78,41.117
2099973,21.22,42.251
2102022,20.78,45.167
2104073,21.13,43.385
2106126,20.79,45.248
2108179,20.78,41.198
2110232,21.22,42.251
2112287,21.14,43.385
2114344,20.79,41.117
2116402,20.8,45.127
2118460,21.23,42.251
2120519,21.13,43.426
2122579,21.22,42.251
2124640,20.79,41.117
2126701,20.8,45.167
2128764,21.13,43.385
2130828,21.23,43.223
2132892,20.8,45.127
2134957,20.79,41.117
2137024,21.12,43.385
2139093,21.24,42.899
2141162,20.79,45.086
2143231,20.79,41.117
2145302,21.13,43.426
2147374,21.23,42.899
2149446,20.79,41.077
2151519,20.79,45.086
2153595,21.13,43.426
2155672,20.79,41.077
2157749,20.79,45.086
2159826,21.24,42.899
2161905,21.12,43.385
2163985,21.24,42.656
2166066,20.79,45.086
2168147,20.8,41.077
2170230,21.13,43.426
2172314,20.79,45.086
2174399,20.79,41.036
2176484,21.24,42.575
2178571,21.13,43.385
2180660,21.26,42.656
2182749,20.78,45.127
2184838,20.8,41.117
2186929,21.14,43.466
2189022,20.79,41.036
2191115,21.24,42.615
2193208,20.78,45.167
2195303,21.14,43.385
2197399,20.78,41.077
2199496,21.24,42.494
2201593,20.79,45.329
2203692,21.14,43.385
2205793,20.79,41.036
2207894,21.25,42.373
2209997,21.14,43.385
2212102,20.78,45.329
2214207,20.79,41.036
2216312,21.24,42.332
2218418,20.78,45.248
2220525,21.13,43.385
2222634,21.25,42.332
2224743,20.79,41.077
2226852,20.79,45.208
2228963,21.14,43.426
2231076,20.77,45.248
2233189,21.25,42.332
2235302,20.79,41.036
2237417,21.14,43.466
2239533,21.25,42.413
2241650,20.79,45.248
2243767,20.79,41.077
2245886,21.13,43.466
2248006,21.24,42.413
2250126,20.79,45.208
2252247,20.8,41.036
2254370,21.14,43.426
2256494,21.24,42.494
2258618,20.79,45.288
2260743,20.8,41.117
2262870,21.13,43.466
2264998,20.79,41.077
2267127,21.24,42.453
2269256,20.8,45.248
2271387,21.13,43.466
2273520,21.25,42.413
2275653,20.8,41.117
2277787,20.8,45.248
2279922,21.13,43.466
2282059,21.25,42.413
2284196,20.8,45.37
2286333,20.8,41.198
2288472,21.13,43.466
2290612,20.8,41.157
2292753,20.8,45.37
2294894,21.25,42.453
2297038,21.14,43.507
2299182,20.81,45.248
2301327,21.26,42.453
2303472,20.81,41.117
2305620,21.14,43.507
2307769,20.79,41.036
2309918,20.8,45.167
2312067,21.26,42.413
2314218,21.14,43.507
2316370,20.82,45.248
2318522,21.26,42.413
2320675,20.8,41.036
2322830,21.13,43.507
2324987,21.26,42.413
2327144,20.8,41.036
2329301,20.81,45.248
2331460,21.14,43.507
2333620,20.81,45.288
2335781,21.25,42.373
2337944,21.14,43.507
2340108,20.8,41.036
2342272,21.26,42.332
2344436,20.81,41.077
2346601,20.8,45.288
2348769,21.13,43.547
2350937,21.26,42.291
2353106,20.8,41.077
2355275,20.82,45.37
2357446,21.14,43.547
2359619,21.26,42.251
2361792,20.8,41.036
2363965,20.8,45.37
2366140,21.14,43.547
2368317,21.26,42.251
2370494,20.8,45.41
2372671,20.79,41.036
2374850,21.14,43.547
2377030,20.8,41.036
2379210,21.26,42.291
2381391,20.8,45.329
2383574,21.14,43.587
2385758,20.8,41.117
2387943,20.81,45.37
2390128,21.26,42.332
2392316,21.14,43.547
2394505,20.8,41.077
2396694,20.82,45.37
2398883,21.26,42.332
2401074,21.14,43.587
2403266,20.8,41.077
2405459,20.82,45.41
2407652,21.27,42.332
2409847,21.14,43.587
2412043,20.83,45.45
2414240,21.27,42.332
2416437,20.8,41.077
2418636,21.14,43.547
2420836,20.8,41.077
2423037,20.84,45.572
2425238,21.27,42.291
2427441,21.15,43.547
2429646,21.27,42.291
2431851,20.8,41.036
2434058,20.83,45.491
2436265,21.14,43.547
2438473,21.27,42.251
2440682,20.84,45.329
2442891,20.79,41.077
2445102,21.14,43.547
2447314,21.27,42.211
2449527,20.84,45.41
2451740,20.8,41.198
2453956,21.15,43.587
2456173,20.8,41.198
2458390,20.84,45.491
2460607,21.27,42.17
2462826,21.15,43.547
2465046,21.28,42.17
2467267,20.85,45.37
2469488,20.8,41.239
2471711,21.15,43.587
2473935,20.84,45.37
2476160,20.82,41.239
2478385,21.27,42.17
2480612,21.14,43.628
2482840,20.81,41.157
2485069,21.28,42.17
2487298,20.85,45.288
2489529,21.14,43.587
2491762,20.85,45.41
2493995,20.8,41.117
2496228,21.27,42.089
2498463,21.14,43.587
2500699,20.85,45.248
2502935,20.79,41.117
2505172,21.28,42.17
2507411,21.15,43.628
2509652,20.86,45.248
2511893,21.28,42.251
2514134,20.8,41.117
2516377,21.14,43.669
2518622,21.28,42.211
2520867,20.86,45.248
2523112,20.78,41.117
2525360,21.14,43.628
2527608,21.28,42.332
2529857,20.8,41.117
2532106,20.85,45.208
2534357,21.15,43.709
2536609,20.86,45.167
2538861,20.79,41.117
2541113,21.28,42.373
2543368,21.14,43.669
2545624,20.79,41.117
2547881,20.84,45.167
2550138,21.28,42.332
2552397,21.14,43.669
2554657,20.85,45.248
2556918,20.79,41.077
2559179,21.28,42.291
2561442,21.15,43.669
2563706,21.28,42.373
2565971,20.78,41.117
2568236,20.85,45.248
2570503,21.16,43.709
2572772,21.28,42.373
2575041,20.86,45.248
2577310,20.79,41.117
2579582,21.15,43.669
2581854,20.85,45.248
2584127,21.27,42.413
2586400,20.8,41.117
2588676,21.14,43.628
2590953,21.28,42.413
2593230,20.85,45.329
2595507,20.79,41.077
2597787,21.15,43.628
2600067,20.84,45.37
2602347,20.78,41.117
2604628,21.28,42.413
2606911,21.14,43.628
2609195,20.86,45.329
2611480,20.79,41.117
2613765,21.29,42.494
2616052,21.14,43.628
2618340,21.28,42.615
2620628,20.79,41.117
2622916,20.84,45.288
2625207,21.15,43.628
2627499,20.85,45.248
2629792,21.28,42.535
2632085,20.79,41.117
2634380,21.14,43.628
2636677,21.29,42.373
2638974,20.79,41.157
2641272,20.84,45.288
2643571,21.15,43.628
2645871,21.28,42.251
2648172,20.86,45.329
2650473,20.8,41.157
2652776,21.15,43.628
2655081,20.8,41.198
2657386,21.28,42.373
2659691,20.85,45.37
2661998,21.15,43.628
2664306,20.85,45.37
2666614,21.28,42.575
2668922,20.79,41.198
2671233,21.16,43.628
2673545,20.86,45.329
2675858,21.28,42.535
2678173,21.15,43.628
2680489,21.29,42.656
2682806,20.85,45.329
2685123,20.8,41.239
2687440,20.8,41.198
2689759,21.14,43.669
2692079,21.29,42.818
2694400,20.85,45.288
2696721,20.79,41.157
2699045,21.14,43.709
2701369,20.79,41.117
2703693,21.3,42.818
2706018,20.85,45.248
2708345,21.15,43.709
2710673,20.79,41.117
2713002,21.3,42.737
2715331,20.84,45.248
2717663,21.14,43.709
2719996,20.84,45.248
2722329,20.8,41.117
2724663,21.3,42.656
2726998,21.15,43.709
2729334,20.78,41.117
2731670,20.84,45.288
2734007,21.3,42.575
2736346,21.16,43.709
2738686,20.84,45.288
2741027,20.78,41.117
2743368,21.29,42.494
2745711,21.14,43.709
2748055,21.31,42.494
2750400,20.79,41.117
2752745,20.84,45.288
2755093,21.14,43.669
2757442,21.31,42.494
2759791,20.84,45.288
2762140,20.79,41.157
2764491,21.14,43.669
2766843,21.29,42.453
2769196,20.84,45.248
2771549,20.78,41.117
2773904,21.14,43.709
2776260,20.83,45.288
2778617,21.3,42.413
2780974,20.79,41.117
2783333,21.15,43.709
2785693,21.3,42.373
2788054,20.79,41.117
2790415,20.85,45.329
2792778,21.14,43.709
2795142,20.83,45.329
2797507,20.79,41.117
2799872,21.3,42.291
2802239,21.14,43.709
2804607,20.83,45.329
2806975,21.3,42.251
2809344,20.78,41.157
2811715,21.14,43.709
2814087,20.82,45.288
2816460,21.3,42.251
2818834,20.8,41.117
2821209,21.15,43.709
2823585,20.82,45.288
2825962,21.3,42.251
2828339,20.79,41.117
2830718,21.15,43.709
2833099,21.3,42.251
2835480,20.79,41.157
2837861,20.84,45.329
2840244,21.16,43.709
2842628,20.83,45.329
2845013,21.3,42.251
2847398,20.8,41.157
2849785,21.15,43.709
2852173,20.84,45.41
2854561,21.31,42.251
2856950,20.79,41.117
2859341,21.15,43.709
2861733,20.83,45.41
2864126,20.8,41.198
2866519,21.3,42.251
2868914,21.14,43.709
2871310,20.8,41.198
2873707,20.83,45.41
2876104,21.31,42.332
2878504,21.14,43.709
2880904,21.3,42.332
2883305,20.83,45.41
2885706,20.8,41.198
2888109,21.14,43.709
2890513,20.8,41.239
2892918,21.3,42.332
2895324,20.83,45.491
2897731,21.14,43.709
2900139,20.83,45.41
2902548,20.81,41.198
2904958,21.3,42.291
2907369,21.15,43.669
2909782,20.82,45.491
2912195,21.31,42.291
2914608,20.81,41.198
2917023,21.15,43.709
2919440,20.8,41.198
2921857,21.31,42.291
2924275,20.84,45.491
2926694,21.16,43.709
2929114,20.83,45.491
2931535,20.81,41.239
2933956,21.31,42.251
2936380,21.14,43.709
2938804,20.83,45.45
2941229,20.8,41.279
2943656,21.15,43.669
2946084,21.3,42.332
2948512,21.3,42.332
2950940,20.8,41.239
2953369,20.84,45.532
2955800,21.15,43.669
2958233,20.8,41.198
2960666,21.3,42.332
2963099,20.84,45.532
2965534,21.15,43.669
2967971,20.84,45.491
2970408,21.3,42.413
2972845,20.8,41.198
2975284,21.14,43.709
2977724,20.84,45.491
2980165,21.31,42.413
2982606,20.8,41.198
2985050,21.15,43.709
2987494,20.84,45.45
2989939,20.8,41.239
2992384,21.31,42.332
2994831,21.15,43.709
2997279,21.31,42.332
2999727,20.8,41.198
3002176,20.84,45.491
